{"cameraMode":{"drawMode":0,"name":"Shaded","section":"Shading Mode"},"sceneLighting":true,"audioPlay":false,"sceneViewState":{"showFog":true,"showMaterialUpdate":true,"showSkybox":true,"showFlares":true,"showImageEffects":true,"showParticleSystems":true},"in2DMode":false,"pivot":{"x":0.5347788333892822,"y":2.925523519515991,"z":-0.04142811894416809},"rotation":{"x":-0.08502589911222458,"y":0.662219226360321,"z":-0.07602951675653458,"w":-0.7405780553817749},"size":1.958763599395752,"orthographic":false}