{"cameraMode":{"drawMode":0,"name":"Shaded","section":"Shading Mode"},"sceneLighting":false,"audioPlay":false,"sceneViewState":{"showFog":true,"showMaterialUpdate":true,"showSkybox":true,"showFlares":true,"showImageEffects":true,"showParticleSystems":true},"in2DMode":false,"pivot":{"x":-0.31365326046943667,"y":1.000000238418579,"z":42.81293487548828},"rotation":{"x":-0.36237019300460818,"y":-0.0008411247981712222,"z":0.0003270730085205287,"w":-0.9320338368415833},"size":4.29835844039917,"orthographic":false}